replication_id,scenario_id,replication_seed,regime,service_level,waste_rate,retail_order_bullwhip,importer_procurement_bullwhip,exporter_1_allocation_volatility,exporter_2_allocation_volatility,exporter_1_readiness_volatility,exporter_2_readiness_volatility,mean_total_inventory,total_lost_sales,total_waste,mean_abs_readiness_mismatch_1,mean_abs_readiness_mismatch_2
0,efd2bbd58a32d830,18154560826472160181,N,0.992995799813543,0.03135973301634886,3.1262494911553738,15.228276096581064,3.807069024145266,3.807069024145266,5.338567918500915,5.19933414152946,53.74731104740414,169.10940930181704,776.3733145792266,3.988387319228108,4.032698157369315
0,efd2bbd58a32d830,18154560826472160181,S,0.9867528641071305,0.06307604536091284,3.410782884122369,14.9770166773537,9.897283886971634,9.286358998649323,7.122081574579315,6.861595504413824,60.449489425123936,319.83884899744294,1604.3728440227517,5.762328957890381,5.815030238625102
0,efd2bbd58a32d830,18154560826472160181,F,0.9915423227132147,0.03854132302950716,2.977654911639318,12.178865050769,7.465374034300868,6.855876740799998,7.465374034300868,6.855876740799998,59.088655433032784,204.20216041214317,959.8596344906921,0.0,0.0
1,740d1ec64c17c25c,583025130916150325,N,0.9892747473467216,0.028370975578506402,3.2685044303182385,17.07976288160513,4.269940720401283,4.269940720401283,5.81729574225766,5.620330811191579,53.736937700252966,260.54856270608985,702.117030816585,4.607390514968002,4.627478821487339
1,740d1ec64c17c25c,583025130916150325,S,0.9825688223165059,0.056349579158644844,3.4097493137135375,16.620158062795927,11.275862952642004,10.663246214607426,7.498872771175876,7.4419127506610385,60.27012509508038,423.45559946512384,1425.876015019974,6.053981563749853,5.890032537069683
1,740d1ec64c17c25c,583025130916150325,F,0.9920695893410728,0.03598444395349203,3.001906569121057,13.502288689307262,8.164011728310845,8.00250112238487,8.164011728310845,8.00250112238487,59.39785247211222,192.65346613732066,899.1501608957772,0.0,0.0
2,48fc424fdbbeabe8,16398357247701834850,N,0.9914750562124509,0.036142061745520614,3.389705229762636,17.430686546072362,4.3576716365180905,4.3576716365180905,5.573619904522795,5.607169054684969,54.128005511111766,205.45114527993587,895.2225394091047,4.113773510677438,3.9611750394252088
2,48fc424fdbbeabe8,16398357247701834850,S,0.9825680176193146,0.06741127924095858,3.574519719606287,17.024536738088997,9.34173681924653,10.052122596206114,7.138144450966387,7.421845132732581,61.04994736721479,420.1107753745199,1710.5517211225672,5.80460580936036,5.8959433546358175
2,48fc424fdbbeabe8,16398357247701834850,F,0.993737443149496,0.038475712775084873,3.0004097147813362,13.426655637929917,7.090865965487409,7.66524227368693,7.090865965487409,7.66524227368693,59.00932965704243,150.9276200971458,958.3214944228185,0.0,0.0
3,c8bc873cc8d7bf0e,2269397296339111156,N,0.9908844480899873,0.03061196884518698,2.9550162017914006,14.384518694708039,3.5961296736770096,3.5961296736770096,4.847975519488463,5.041493206589898,52.728644798913685,214.59832306551704,736.8659225899407,3.1841569009208444,4.036385362352532
3,c8bc873cc8d7bf0e,2269397296339111156,S,0.9820356929322774,0.059074911946925025,3.1855628080480543,14.025779188329688,9.076892289077799,8.093272755371006,6.507136141461436,6.551651340212006,59.367354211609324,422.9157169883267,1453.4187290785262,5.834143871452223,5.313740927032825
3,c8bc873cc8d7bf0e,2269397296339111156,F,0.9907699376811443,0.03589494396711442,2.8036631670300936,10.68391849379823,6.6286911463134155,6.298305663972668,6.6286911463134155,6.298305663972668,57.75812306925113,217.29412711049804,868.6563464294284,0.0,0.0
4,b53d2acad52e10d3,2106283565805583909,N,0.9881502385750376,0.03807752658514065,3.2232934073372403,15.152969640402096,3.788242410100524,3.788242410100524,4.76088790154086,4.922560647286523,53.59379464722449,279.6306701062662,924.3712541514324,3.4036675178277576,3.415874383591064
4,b53d2acad52e10d3,2106283565805583909,S,0.9779947541776147,0.06805128825700915,3.398931412202517,15.11650228476175,8.250134444535545,8.766650203243486,6.383034745467506,6.572448709596543,60.09820822912668,519.2797909166445,1688.146247066034,5.525857590798794,5.506910510522515
4,b53d2acad52e10d3,2106283565805583909,F,0.9878507809601915,0.041678453004743946,3.0154791286932894,12.031816270853474,6.269329775722437,6.947609155070238,6.269329775722437,6.947609155070238,58.11951144606607,286.6972709013983,1013.616109534556,0.0,0.0
5,4c823eaf9c10986c,9494189234043139157,N,0.98968227002657,0.032553061944195244,3.3235879716165933,15.86441151104189,3.9661028777604725,3.9661028777604725,5.1579433569418836,5.236336681423034,54.37590600640702,247.69774347213382,798.9782734276001,3.726523643957356,3.889430563968358
5,4c823eaf9c10986c,9494189234043139157,S,0.9815078203975466,0.06589483053910004,3.5033443889723626,15.315912349859596,8.677456784230738,8.977202542364905,6.859641896142352,6.9457837545482874,61.03339273877887,443.94175571609765,1661.0309053291448,5.752531255772198,5.680783139921529
5,4c823eaf9c10986c,9494189234043139157,F,0.9923457418689835,0.03575598014292828,2.878981295755178,12.109730867513703,6.654386486695295,6.82308963060582,6.654386486695295,6.82308963060582,58.80362393183301,183.75577495131296,883.3160496332414,0.0,0.0
6,0c4d8050dcfc561f,9175908689249402304,N,0.9909363491252704,0.028173612881061877,3.226871892685447,17.00188303316725,4.250470758291812,4.250470758291812,5.582946975421576,5.509066985806251,54.12161632988535,218.02612179162122,690.8419961272089,4.120081325632526,4.001219351661072
6,0c4d8050dcfc561f,9175908689249402304,S,0.9851846880740688,0.058095098650158696,3.3510386155317584,16.002431740142264,9.756493220647986,10.33503872457706,7.086939509198611,7.285043922049193,60.765565552970784,356.38232837827684,1461.1380369120416,5.716633729413181,5.7625397253175255
6,0c4d8050dcfc561f,9175908689249402304,F,0.9913632523991083,0.03389676103785915,3.0965231232918784,14.128216668132206,7.602483071629183,8.08895868504866,7.602483071629183,8.08895868504866,59.28394891752194,207.75696353945176,836.2116853712611,0.0,0.0
7,b93c197452127748,18411039279325525482,N,0.990162118534728,0.032814759833980016,3.2067915472820196,14.925881190427917,3.7314702976069793,3.7314702976069793,4.874653503104692,4.909852994312651,54.7353309356423,238.04721781518748,813.6524489770228,3.6201939364273334,3.6315706811033253
7,b93c197452127748,18411039279325525482,S,0.9818398326567687,0.06313253889151571,3.411630894216846,14.835105919153252,8.366035266982925,8.054531450390495,6.524563845873785,6.548943173641648,61.73751503642598,439.4215692041683,1602.4912224436932,5.704970667287975,5.613133387640947
7,b93c197452127748,18411039279325525482,F,0.9921337256946828,0.036144713741858375,2.936886126610025,12.323345029672721,6.668369184942224,6.294672088985793,6.668369184942224,6.294672088985793,59.58233550893046,190.3402393657588,899.7710327125012,0.0,0.0
8,f3d93e6376548f3d,17412653627742288767,N,0.992074603773273,0.02941590211194125,2.916667693103964,15.449853955544878,3.8624634888862195,3.8624634888862195,5.175132677764736,5.10021826634418,54.43970403588921,191.49342363017917,726.0211190127218,3.502731415589614,3.596763713754287
8,f3d93e6376548f3d,17412653627742288767,S,0.9847209594844847,0.059579047563172706,3.070193225010403,15.057183596821291,8.94056555340301,8.733193766950572,6.841587153088641,6.860132312151042,61.23789894636382,369.1721769358804,1506.037019843832,5.559865650262171,5.593833191179693
8,f3d93e6376548f3d,17412653627742288767,F,0.9923841367456177,0.03702166420202921,2.823449159841565,11.979685251439259,7.231259764604293,6.542410757074698,7.231259764604293,6.542410757074698,59.16629027463328,184.01448795238917,921.1043397034304,0.0,0.0
9,1b6a15e02bc2dfd9,14360288428696390321,N,0.9910775041276947,0.032950134481946614,3.042118074430447,13.416862861908767,3.3542157154771917,3.3542157154771917,4.65478350141598,4.518535794204599,54.54191353768405,214.4968007702177,811.0697483153622,3.683120767334027,3.0605928231613753
9,1b6a15e02bc2dfd9,14360288428696390321,S,0.9864272310252131,0.05936295130810971,3.033454743092407,12.539646142976363,7.006963244360838,7.557626050370485,5.971511610011496,5.801528686438217,61.06975986158952,326.2893661538791,1495.5276209762928,5.099330990625472,5.639121396815337
9,1b6a15e02bc2dfd9,14360288428696390321,F,0.9928646276153571,0.03574577497797926,2.7710684111013433,11.058835123293141,5.606040313786902,6.373779602031335,5.606040313786902,6.373779602031335,58.93188009457413,171.5343521268122,885.0541510780339,0.0,0.0
10,7c362520b9d279d5,707028829783831254,N,0.9937299728971295,0.02400192696938464,2.9479965659179213,15.00765587294728,3.75191396823682,3.75191396823682,5.2857532267213,4.867601576813527,54.21780389967799,151.1828935044158,588.1876934619914,4.095372555471633,3.565416264713386
10,7c362520b9d279d5,707028829783831254,S,0.9878306678916776,0.05128100238201562,3.0267812948339494,14.2123194660708,9.24953159279748,8.530886037745262,6.883206688634273,6.437378155312597,60.74004726725743,293.42693579586944,1285.188100764337,5.431317025985029,5.859281396628186
10,7c362520b9d279d5,707028829783831254,F,0.9931395490501402,0.03084724459121883,2.7124758821847172,11.610437526976533,6.7822116436480755,6.845643462157594,6.7822116436480755,6.845643462157594,59.36061906990511,165.41919330302,761.0764564690903,0.0,0.0
11,b3f61c340012ae31,2249076315507157767,N,0.9921686790374554,0.02740870442010359,3.186371955308866,15.290858439852558,3.8227146099631395,3.8227146099631395,5.095818057290277,4.836568653720704,53.962927317618,188.10832952032064,670.8101803841994,4.058675411608528,3.654330844944017
11,b3f61c340012ae31,2249076315507157767,S,0.9863491337461116,0.05540876169536622,3.307191445223212,15.068582514856383,9.771183193135904,9.31883455210465,6.733325288054244,6.576425039749458,60.42829634669484,327.8938074184,1387.8257397297352,5.588856358750018,5.691855869348478
11,b3f61c340012ae31,2249076315507157767,F,0.9934384221009378,0.03223236881900256,2.7421077393188473,11.197764133621122,7.023823632919401,7.105831138155496,7.023823632919401,7.105831138155496,59.06456677018453,157.60910113547598,793.1873157796022,0.0,0.0
12,4d910d2eda1b7bc4,3215586943839124654,N,0.9923409714567436,0.030606705535942334,3.086930226109753,15.130205411696984,3.782551352924246,3.782551352924246,4.9745295372101745,4.8598258675260615,54.77885897340539,183.92391143776126,752.1252724406866,2.992532315132562,3.801831056156983
12,4d910d2eda1b7bc4,3215586943839124654,S,0.9868663872011192,0.06319354650937199,3.4589722872051127,15.479953456603475,9.464549997754869,7.968811649180139,6.931362373154574,6.828590806695783,61.46576618427589,315.3905777523264,1599.3483389366293,5.778154713095721,5.269686921405935
12,4d910d2eda1b7bc4,3215586943839124654,F,0.9937474546041165,0.037512633462667005,2.9887511233641897,12.373551781165682,7.523383668096154,6.287472326148987,7.523383668096154,6.287472326148987,59.29375751328302,150.14862513674785,929.6187491146922,0.0,0.0
13,1de37aa7f125f9c2,7848416998020336102,N,0.9864946648297627,0.034383809030308986,3.393024909159208,17.19948797275159,4.299871993187898,4.299871993187898,5.288003505483376,5.220736402976294,52.83535319787601,322.49389853009677,839.8593977538222,4.650082395393267,4.23218111383162
13,1de37aa7f125f9c2,7848416998020336102,S,0.983110567413006,0.059520870982258084,3.4051418087412935,16.091135485812405,10.302467010602225,10.682392004360178,6.730111788101879,6.7382426677584375,59.49432482987904,403.3027607448321,1487.809808716885,5.703188382567586,5.9509850067545385
13,1de37aa7f125f9c2,7848416998020336102,F,0.9901935197840201,0.03971442017478934,3.127645988100409,13.849802326651936,8.045365095444401,8.466337455647457,8.045365095444401,8.466337455647457,58.264241613825355,234.1689410773836,977.8170135116856,0.0,0.0
14,bb1e91a2811da9e7,12637917950436599476,N,0.9903006010994185,0.03187883458209563,3.1338086964905534,13.928908168368732,3.482227042092183,3.482227042092183,4.674049761538112,4.880786795046107,54.36393496524474,232.2424072755229,782.0792455581542,3.3080327962335945,3.492881688678464
14,bb1e91a2811da9e7,12637917950436599476,S,0.9847046706343392,0.0610234646037335,3.36907616215287,13.644175815893734,7.955163460282184,8.320830417994008,6.353110279063916,6.502983588180789,60.98133393719756,366.2313663313814,1535.276594450245,5.522325199964498,5.489677195762636
14,bb1e91a2811da9e7,12637917950436599476,F,0.9917483725591134,0.0350666923019566,2.8527683924424836,10.860041046795455,6.1757882038584295,6.378812570956012,6.1757882038584295,6.378812570956012,58.859437902260716,197.5769674445856,864.7184780263528,0.0,0.0
15,9c0e7d005f95b886,12631696581790737570,N,0.98867435356999,0.0400196506141374,3.3157781821103938,15.415656389293707,3.8539140973234267,3.8539140973234267,4.949808987840909,5.053317701418784,54.19097341663318,270.97741648441763,986.2585911262638,3.3289236711175425,3.6894305289389484
15,9c0e7d005f95b886,12631696581790737570,S,0.9802857403909022,0.07380594235257945,3.64937050050372,15.547253688740863,9.111306645515869,8.88915559192137,6.71887856752486,6.751547106800997,60.86335587115406,471.683375407271,1868.9486188386604,5.749460086640027,5.574969048253522
15,9c0e7d005f95b886,12631696581790737570,F,0.988965155648918,0.044510049803868273,3.077903971853988,11.58927216995431,6.715554064333855,6.6995443417071225,6.715554064333855,6.6995443417071225,59.01714899736495,264.0196859439892,1101.0215011134223,0.0,0.0
16,2dde2186f7f297c8,15306973309152035735,N,0.9912852639215479,0.03206847601347019,3.2160290759981742,15.258178297802795,3.8145445744506987,3.8145445744506987,4.930691933073651,5.263864384768949,53.29066247063977,209.4063932291239,787.2955537945967,4.674748780149469,3.8799454760322107
16,2dde2186f7f297c8,15306973309152035735,S,0.9868461864030086,0.057685083076118776,3.241629714298221,14.259580984884277,8.523234486214632,10.615611351508745,6.336973120131427,6.760003093187169,59.88346147405623,316.0729869221067,1448.8871676845315,5.634997259836864,6.158708627248563
16,2dde2186f7f297c8,15306973309152035735,F,0.9936953992839335,0.03522492222803977,2.6896838735613198,10.897638358495033,6.220923189343873,7.716250638384206,6.220923189343873,7.716250638384206,58.86343795999411,151.49325060636534,869.8994167126614,0.0,0.0
17,7d27ea5a36015daa,11912966408235049794,N,0.9855970701123347,0.03391445687511754,3.3278190576196205,17.056455016810414,4.2641137542026035,4.2641137542026035,5.5284989613709214,5.560200072313205,54.21446479698366,348.6373208608285,838.1254326008926,4.171065178052134,4.4544730166991835
17,7d27ea5a36015daa,11912966408235049794,S,0.9756756909398648,0.07004111422118989,3.5750342651877913,17.133892258893123,10.340429325072137,9.86577738695071,7.575031542431608,7.492522978298106,60.921436419902065,588.7942251096322,1780.0959009794224,6.013703638393542,6.003465782631266
17,7d27ea5a36015daa,11912966408235049794,F,0.9880964521875768,0.03961869893402725,3.090028866807537,13.87890227801031,7.9828963129501105,7.564212686477138,7.9828963129501105,7.564212686477138,59.217091193396094,288.13727834751614,986.865962508885,0.0,0.0
18,450638d687f99e16,13662181571893650717,N,0.9880997403886338,0.030176705638690366,3.3054739141652916,16.02522068509003,4.0063051712725075,4.0063051712725075,5.2672378121272745,5.0668279782376295,53.333173949562735,282.25035746238234,729.6064328860841,4.19819234314317,3.704094827395102
18,450638d687f99e16,13662181571893650717,S,0.9822913386417551,0.05923750617224633,3.4325761993767565,15.601169185815571,9.572284944992244,10.013899506155326,6.812162190344705,6.7859304422706765,59.78381983873133,420.0140300948515,1468.0533839896668,5.491086574463429,5.909615550825074
18,450638d687f99e16,13662181571893650717,F,0.9911309260343093,0.03723381958208064,3.112650938250403,12.81908731471773,7.509276087347651,7.0342697661953535,7.509276087347651,7.0342697661953535,58.61464209824261,210.35669631825374,908.9755931011142,0.0,0.0
19,71dc83c60ef39a61,6716774480996898736,N,0.9899578962260298,0.03689709081947981,3.36860159999554,17.439051190335928,4.359762797583982,4.359762797583982,5.392782878940206,5.672733290275648,54.94036025627709,243.69173228293843,919.8888738849494,3.9959398394457524,4.017024570113002
19,71dc83c60ef39a61,6716774480996898736,S,0.9799997144919542,0.07062619590566813,3.6041168171700106,17.213976343763658,9.309058789888947,9.997175540949636,7.214681433774749,7.582199192158536,61.56949716397309,485.346928423747,1805.9700885076631,5.799082270862121,5.766231428215397
19,71dc83c60ef39a61,6716774480996898736,F,0.991636842699325,0.04188378527945375,3.149433116239066,13.536874374506192,6.894525635586733,8.101781631247421,6.894525635586733,8.101781631247421,59.42234818999705,202.94873821548066,1051.455669497554,0.0,0.0
20,f7d27eeb3e232b43,6074613405453781192,N,0.987307382794225,0.03639066856248313,3.3599985358440354,17.068954701943028,4.267238675485757,4.267238675485757,5.312095244693514,5.373508834295642,54.079830841759424,304.49588676654116,893.7521355255244,3.802358384171731,3.725361397934238
20,f7d27eeb3e232b43,6074613405453781192,S,0.9815597663489158,0.06236680582544026,3.454449629339518,16.069620476470458,9.580874401522628,9.686694087369768,6.861436682504265,6.8574628559088335,60.780966547130504,442.38120528950697,1565.417728898481,5.662672908531144,5.712230005198355
20,f7d27eeb3e232b43,6074613405453781192,F,0.9899705737683693,0.03812904087987928,2.9938875470619832,12.866669910895638,7.2377939460868035,7.165811824751155,7.2377939460868035,7.165811824751155,58.863694758512736,240.6059352968209,941.8052966056944,0.0,0.0
21,80cac39a6a93e25b,12656529146208048523,N,0.9885522659192143,0.03277552206004483,3.0319331984582356,14.036474279734643,3.5091185699336607,3.5091185699336607,4.706976298412557,4.809592434404495,54.33874946909292,274.8371998115003,803.8091220459914,3.599167477589001,3.7856771453800775
21,80cac39a6a93e25b,12656529146208048523,S,0.9835317250316945,0.060132139059432675,3.16537657241658,13.64389667849739,8.287591993294068,8.65779697773527,6.265548052873359,6.400533965336783,60.816105316639266,395.3703454390794,1509.4720925499446,5.722092810016267,5.596965885078397
21,80cac39a6a93e25b,12656529146208048523,F,0.9918684807717755,0.03514105902389667,2.81819036108181,11.315856169697046,6.316854783562872,6.8241651171157125,6.316854783562872,6.8241651171157125,59.146574396863215,195.22151363121935,866.757648565291,0.0,0.0
22,cda0457b3f19dc5f,16800882232702200752,N,0.9910964508738523,0.03144225317137777,2.9852595808217806,14.341024351792523,3.5852560879481308,3.5852560879481308,4.779307899222446,4.852020422562978,54.257403313330215,214.90496525782925,776.0871005445367,3.655994512019772,3.9013885377798214
22,cda0457b3f19dc5f,16800882232702200752,S,0.9848848570769037,0.06120889557641821,3.17101923035685,14.183188287391628,8.749493735786908,8.851582305721854,6.347706329169955,6.501309117440166,60.793293421233685,364.8342047347787,1548.43554908607,5.861716127330493,5.61097696568495
22,cda0457b3f19dc5f,16800882232702200752,F,0.9918893514058158,0.03850795345632455,2.859884650484991,11.39497200338476,6.624192278651779,6.982744882743636,6.624192278651779,6.982744882743636,59.11448537218212,195.76672511782385,959.8176537864202,0.0,0.0
23,99fe83fe7a61efee,5072631503236424711,N,0.9874497813206609,0.0330294800013754,3.252964053518468,14.59191885544785,3.6479797138619623,3.6479797138619623,4.765130023498523,4.8077430811490895,53.07233815474774,297.84178969807476,800.7911350054405,4.085820959460181,4.185515443763396
23,99fe83fe7a61efee,5072631503236424711,S,0.980197240546204,0.0669276249681931,3.556984645785135,15.147648899027667,9.06444295649978,8.992128026860085,6.556712872486317,6.446701508050221,59.919679762559866,469.9590873574873,1670.399520480281,5.674912288272974,5.767733590918546
23,99fe83fe7a61efee,5072631503236424711,F,0.9891001601124008,0.03904969536277302,2.9274775245222915,12.24786410001391,6.8593882756651725,7.408369094489145,6.8593882756651725,7.408369094489145,58.03250691873511,258.67500021250623,954.7414308617916,0.0,0.0
24,4734a950ab8deb19,1658852715428394783,N,0.991777894785302,0.03237857723088528,3.043894252461487,14.416058797244437,3.6040146993111093,3.6040146993111093,4.7784147736186515,4.884924921102673,53.830552001392554,197.9636272542819,799.7287189792982,3.765721446645283,3.7534980936814497
24,4734a950ab8deb19,1658852715428394783,S,0.986031668062111,0.06002539288070079,3.172461372721181,13.547492800823552,8.401221001516735,8.557295148600902,6.239036236173122,6.207209426839031,60.503094983018016,336.31552806855086,1517.9344256945885,5.689295070461535,5.72848019270177
24,4734a950ab8deb19,1658852715428394783,F,0.9927882493715284,0.03572233627003444,2.8716705085443093,11.256491201720534,6.528136159351996,6.806197566792301,6.528136159351996,6.806197566792301,59.075216790642116,173.63731988170852,885.7732843691299,0.0,0.0
25,38bb46dac36d9613,6198866614064143415,N,0.9896149341090911,0.034069233067365416,3.2364835754242116,16.463187609870417,4.115796902467604,4.115796902467604,5.049855674141128,5.253460270912674,54.138909831588144,249.97892106006842,840.2378384646297,4.106086824186224,3.888841486660333
25,38bb46dac36d9613,6198866614064143415,S,0.9817019668183204,0.0653458851876643,3.382782294986249,15.860793343732096,9.405570286304368,10.12153848572544,6.654299405246708,6.846282055902339,60.424354269467,440.45195671620917,1653.126943064719,5.8179215545027425,5.8375969327642805
25,38bb46dac36d9613,6198866614064143415,F,0.9905566689830057,0.03970214505302271,2.9529357726525003,11.827424558988735,7.202461104907501,7.300042135061091,7.202461104907501,7.300042135061091,59.273743001119456,227.31042091007112,987.3079337160381,0.0,0.0
26,73ca68e153b90efe,9131912532472506910,N,0.9896155223824332,0.02919665609039,3.114758114958395,15.785717853440701,3.9464294633601753,3.9464294633601753,5.517346010146422,5.313941541363501,52.279611291155874,245.61366461068732,703.6201000356227,4.314721792509415,4.151363677264959
26,73ca68e153b90efe,9131912532472506910,S,0.9844724544447195,0.05716840284760866,3.2881127018956158,15.741605776157218,10.887214320165114,10.079112695652112,7.3116846053360485,6.9857138935647916,58.84973441430644,367.25750747349275,1411.2382537006674,5.678825508754802,5.72862754836068
26,73ca68e153b90efe,9131912532472506910,F,0.9911175831063986,0.03506280681086451,2.997965332963061,12.864379250702559,7.954413690608988,7.7184251840196545,7.954413690608988,7.7184251840196545,57.9371772881495,210.0869243674622,852.1060981976344,0.0,0.0
27,486b37266eb85a7d,14506317473859213626,N,0.9902512158710282,0.030705872830128288,3.0219690562316535,15.260535734705817,3.8151339336764543,3.8151339336764543,5.032985298035649,4.900604101722866,53.937861684554434,235.6378611813802,760.2758300261844,4.1109366014039965,3.6794023826195796
27,486b37266eb85a7d,14506317473859213626,S,0.9861024803974421,0.05481995965892537,2.9676043658483082,14.066093537952447,8.664165949830604,8.777172701229494,6.258813463603888,6.257964020457353,60.53693548456895,335.91694631342745,1384.963192722183,5.605955370559392,5.873118108735931
27,486b37266eb85a7d,14506317473859213626,F,0.9926700303522167,0.03427924828628208,2.668212347286929,11.371851975730321,6.77870641704417,6.89116927343549,6.77870641704417,6.89116927343549,58.9788425729107,177.1726963565709,852.0053089678906,0.0,0.0
28,9819f468eaf7f2b2,4003950915694505269,N,0.9916447510995121,0.03293201255812836,3.148632523522677,15.355339423229214,3.8388348558073035,3.8388348558073035,4.867795568129018,5.061155667819023,53.98970570612635,200.25025039799374,808.7796526850595,4.213664781807258,3.455359515333265
28,9819f468eaf7f2b2,4003950915694505269,S,0.9848949661498851,0.06005289590617548,3.213254390081473,13.921949989006364,8.062959340327172,9.756242437807504,6.132121358398003,6.313656676918928,60.43128101716391,362.02234628569937,1506.7060070833654,5.369216754200909,5.984538204837021
28,9819f468eaf7f2b2,4003950915694505269,F,0.9920168484191281,0.036999288857362075,2.8279455177871613,11.459421912702695,6.463272235984261,7.192869267149049,6.463272235984261,7.192869267149049,59.06282390516135,191.33219393875714,911.8198388021736,0.0,0.0
29,8d1cdabbefbbd0aa,17863264377380044289,N,0.9887971706543068,0.0377347410245005,3.402675637853006,14.553545670903155,3.6383864177257887,3.6383864177257887,4.733059434434404,4.722322879464088,54.32842337788074,266.9186119904806,924.6063417094324,3.604981365029471,3.5835850029602727
29,8d1cdabbefbbd0aa,17863264377380044289,S,0.9815693486611963,0.06711680989633469,3.4896694377142117,14.470907802296017,8.551575858523396,8.403165966285789,6.247296493554312,6.25024651263817,60.82674023491782,439.12869879833846,1684.8300388937087,5.6076663604229555,5.592419015441782
29,8d1cdabbefbbd0aa,17863264377380044289,F,0.9912949469889765,0.040548120105318275,2.9228938945822414,11.36111326502061,6.4646042467777605,6.545476280907359,6.4646042467777605,6.545476280907359,58.79094942428523,207.4065930406482,998.9681962115909,0.0,0.0
30,a82cff0022fc77c1,1621636798392364146,N,0.9880850859408518,0.03680411841232392,3.417749772246187,16.49046638540512,4.12261659635128,4.12261659635128,5.3323608654137304,5.25403889646016,54.8049245584872,288.2932605751516,912.0820499247309,3.9240487810073126,3.7187182346295753
30,a82cff0022fc77c1,1621636798392364146,S,0.9800012530080358,0.06852506770938796,3.7583665058857867,16.97188668727488,10.080581042952792,9.837500156536377,7.232602057198619,7.124510571740496,61.51125414130199,483.8896822175653,1741.318269842913,5.643555967642446,5.770624629470885
30,a82cff0022fc77c1,1621636798392364146,F,0.9881267968018576,0.040641293794837045,3.151413102059804,13.374603865588904,7.826535945569849,7.3454037578597395,7.826535945569849,7.3454037578597395,59.811545959017074,287.2840245822564,1010.8855093545853,0.0,0.0
31,5e05e6ad80459dbd,17689598413599291612,N,0.984618481537939,0.03827688344912873,3.3932473541613746,16.532306621742084,4.133076655435521,4.133076655435521,5.414256734550142,5.493834686241894,54.20900043167214,369.2333506817742,938.9582923262632,4.604630972389715,3.643514247897611
31,5e05e6ad80459dbd,17689598413599291612,S,0.9782270448987126,0.06741838203161936,3.422817022297814,15.889242587199986,8.556334431118803,10.661569059167878,6.939388155340486,7.311983003004397,60.541935288471976,522.6597872064051,1694.0683308695793,5.4016251788959835,6.104021154231678
31,5e05e6ad80459dbd,17689598413599291612,F,0.9870066954797834,0.03901551295729682,2.976645006403477,13.005155577422494,7.127834527369018,7.949726722042887,7.127834527369018,7.949726722042887,58.80166757570296,311.9042750077989,961.956114590608,0.0,0.0
32,000375070cfaad12,2376777246512708618,N,0.985251034848911,0.036663273247808256,3.217809424950547,15.939220272116405,3.984805068029101,3.984805068029101,5.00906002668717,5.2012585357050565,54.59474779865169,355.1403318730711,904.2272044252576,3.5510212177907565,3.746338689107357
32,000375070cfaad12,2376777246512708618,S,0.9768804160320674,0.07069061121284144,3.458107657454806,16.168987572018107,8.129027858659844,8.519558958619449,6.851393791835244,6.89247779050943,61.590687019418596,556.6964623638497,1792.4490273021634,5.68855307346186,5.659743463783985
32,000375070cfaad12,2376777246512708618,F,0.9855890990798692,0.0418418662884334,3.06465041252977,13.195467268507487,6.7589259661442345,6.510876894890339,6.7589259661442345,6.510876894890339,59.18003492684718,347.0000832558294,1037.562339859027,0.0,0.0
33,4f91a9779584603d,14951634514475873699,N,0.9851326865851628,0.03650955300418989,3.549508739201094,19.021637073633695,4.755409268408424,4.755409268408424,5.99493665166607,6.188468673272717,54.224056172449636,360.2350040415042,905.0149194066214,4.672335823824693,3.9003262458137624
33,4f91a9779584603d,14951634514475873699,S,0.9776680271919704,0.0654335239389774,3.632314809579413,18.06740505796597,9.654151318166738,11.67997387283551,7.803303437605311,8.186530808198956,60.84832553044785,541.1037011385574,1659.4330308728292,5.528805636355985,6.026135410482923
33,4f91a9779584603d,14951634514475873699,F,0.9904848461443599,0.0383711864918076,3.223133671012129,14.221221046399902,7.077102586720619,8.853169133725798,7.077102586720619,8.853169133725798,59.59181007670142,230.55217792216388,957.6792692376999,0.0,0.0
34,2672cb6c777c2643,3610653751272029061,N,0.9881753144085067,0.03185167548251584,3.089201492289949,14.545706398254412,3.636426599563603,3.636426599563603,4.664247495304845,4.914722131678005,54.26454898308041,282.75188186378637,777.2762452970069,3.5459978191187984,3.6779333989049814
34,2672cb6c777c2643,3610653751272029061,S,0.9816491577512227,0.061070747781783986,3.1144908596963004,14.174811096283094,7.57660303419732,8.785635575429959,6.0846620564513705,6.515076266437884,60.72802081778436,438.80533985276145,1526.5255568830744,5.475363554391806,5.419079585864012
34,2672cb6c777c2643,3610653751272029061,F,0.9884214967661927,0.03734765252426153,2.9555047396395384,12.257290277569584,6.228363776254642,7.314859999601627,6.228363776254642,7.314859999601627,58.84768250419258,276.86516932679945,916.5791899769579,0.0,0.0
35,24f7d9bb2ef8b38d,12487850631638145646,N,0.9887426252255619,0.03270634566038064,3.3000903320497117,16.60349186169976,4.15087296542494,4.15087296542494,5.514489368393271,5.434757495109968,53.91484249795392,273.2840300242596,811.4688027990526,4.634467341938721,4.367642689325668
35,24f7d9bb2ef8b38d,12487850631638145646,S,0.981496463324515,0.06103643727160212,3.3763791036314754,15.756190489439108,9.583933158432743,9.811065162425365,7.073288533182717,7.048212611735777,60.5255374832644,449.1918563340726,1548.7584805999822,5.876429934321149,5.965559161776152
35,24f7d9bb2ef8b38d,12487850631638145646,F,0.9897685534952025,0.03555973994183022,3.0403904464995875,12.803971563702774,7.2778030090515635,7.81417470305011,7.2778030090515635,7.81417470305011,59.39499394797309,248.3785953504618,885.7940511772019,0.0,0.0
36,a22de8b4de8c8f1c,9532327372103029650,N,0.9873391565519442,0.039046778710921735,3.3512171459792666,15.0510435097922,3.76276087744805,3.76276087744805,4.8618283977833086,5.086173837556035,54.046944588584644,301.7205602106204,956.475532646178,3.938780131099847,3.329804373973618
36,a22de8b4de8c8f1c,9532327372103029650,S,0.9754399973221994,0.07450799873845633,3.6767728783170632,15.199355301814979,7.676156639823027,9.725755686302222,6.471378977003807,6.9272996001432245,60.78091973875393,585.2894238146677,1870.9030744184895,5.4041042927159815,5.874713605778034
36,a22de8b4de8c8f1c,9532327372103029650,F,0.9885954863045394,0.043083483977394234,3.102266786229388,12.207472448138827,6.181517859352328,7.368946285590846,6.181517859352328,7.368946285590846,58.93339706590118,271.7809658765238,1060.9592889717892,0.0,0.0
37,6c4abba0cf79b5c5,6187122514881054771,N,0.9857346920016419,0.035552533852257526,3.4800532439548935,16.210723329033815,4.052680832258454,4.052680832258454,5.275410450320178,5.381505882111231,53.60047002383196,339.07210581297596,864.0259517726724,3.7862608979193726,3.6910292293359395
37,6c4abba0cf79b5c5,6187122514881054771,S,0.9785307905011841,0.06567125837689952,3.669334745890363,16.280581495351555,9.205635383897462,10.091969973396363,7.029414428517493,7.256096109653801,60.361620202608435,510.30164057735635,1634.4021773695808,5.6696712851339,5.857694249541477
37,6c4abba0cf79b5c5,6187122514881054771,F,0.9886442179765832,0.03828581790607052,2.989068606175709,12.346866037319776,6.992715895316285,7.431343632906087,6.992715895316285,7.431343632906087,58.55512822970344,269.9155829145917,934.6668383051585,0.0,0.0
38,767bb6c753841eeb,8367747889328127822,N,0.9872570758082303,0.0373693840319869,3.3634217849885597,16.145220576232965,4.036305144058241,4.036305144058241,5.204073967437947,5.3706174471193435,54.63203029908682,308.30230789567634,928.5433572617693,3.814113662499005,3.9344562497654736
38,767bb6c753841eeb,8367747889328127822,S,0.9779744348150654,0.06964504036845777,3.6394615614548855,15.875811309506211,9.485244335695262,9.785733054109887,6.873482948445128,7.016333699519949,61.35817330716428,532.8865240843097,1774.2543612358609,5.80642939018685,5.771315918457283
38,767bb6c753841eeb,8367747889328127822,F,0.9881568643122766,0.0433466509419809,3.2080483827013397,13.207073743747378,7.426553998851117,7.738676390535755,7.426553998851117,7.738676390535755,59.48652453202118,286.53282482878006,1084.740596360129,0.0,0.0
39,9496564120f8cca4,15556817399082204522,N,0.9889087197765918,0.03092299998857245,3.114242222805973,15.691363243520453,3.922840810880113,3.922840810880113,5.339242955455194,5.129971403771241,53.84209959874725,268.1538819613433,764.1637027120237,4.251812989140487,4.322277027301568
39,9496564120f8cca4,15556817399082204522,S,0.984145653474664,0.0598963693271528,3.252611438060639,15.025459987184806,10.267719998838205,9.017215725893722,7.037618784994804,6.656809759283155,60.48206262935193,383.31053594304996,1519.469452054527,5.942228173251456,5.813059762765888
39,9496564120f8cca4,15556817399082204522,F,0.9913024094787631,0.03436358604166741,2.82212086995579,12.207900016646631,7.926363994610245,6.670570713817025,7.926363994610245,6.670570713817025,58.98957876081363,210.28164603194313,854.2024564250302,0.0,0.0
40,47355d2f5acddb5c,294372319131704418,N,0.9892237050253079,0.032086583755026515,3.2205981693468724,15.234238168894146,3.8085595422235365,3.8085595422235365,4.948218478910311,4.858402222420848,53.869507090305014,259.3423148609398,789.0874132576073,3.7608835490239403,4.2402507672289005
40,47355d2f5acddb5c,294372319131704418,S,0.9848309196372563,0.060017211063421894,3.31402652096504,14.8375417272277,9.92270038768685,8.699199938963389,6.480843540742642,6.284188166397225,60.44507661279375,365.05908800978784,1513.4240955734529,6.072603658957641,5.6537781750497675
40,47355d2f5acddb5c,294372319131704418,F,0.9917954415149238,0.03768008571908113,2.889342127750416,11.903456261337592,7.805355232342811,6.8045494363050185,7.805355232342811,6.8045494363050185,58.82359178373543,197.45090450184205,934.4410037467171,0.0,0.0
41,0a262dd283dd6a86,17876885766379431511,N,0.9894548818761603,0.0356253193549079,3.3458722632556364,15.04829092122752,3.76207273030688,3.76207273030688,4.999291661469113,4.874339621132035,53.78349257322593,253.51518481523118,877.5600077348325,4.243546116009607,3.6961763166979904
41,0a262dd283dd6a86,17876885766379431511,S,0.9805388377890891,0.06822472276600552,3.526140496186216,14.920744364884579,9.129931538232785,9.02531450588164,6.6522386186191085,6.561670161173108,60.43744904871657,467.86580071251126,1723.0411587210838,5.709158499883833,5.921493055496432
41,0a262dd283dd6a86,17876885766379431511,F,0.9904127022082645,0.04021804640434353,2.99595719132709,11.026765405986858,6.647373829552479,6.834768246263076,6.647373829552479,6.834768246263076,59.03711718974675,230.4882262111144,998.0560698424921,0.0,0.0
42,4948a5aebd04a486,13785562148271653969,N,0.9908234306319335,0.033418742083927276,3.149720514371364,14.690325849835313,3.672581462458828,3.672581462458828,4.980604628234884,4.938691414755947,54.08892869641616,219.94401461381733,820.5935501401026,3.6883395920100805,3.5972205817923895
42,4948a5aebd04a486,13785562148271653969,S,0.9848019650332281,0.06292093174057055,3.1819984397668906,14.002436836387293,8.79995114411197,8.530259219532532,6.429890727602542,6.393991014744511,60.86087381085421,364.266502083589,1583.6375001723527,5.760827355212289,5.934675565745442
42,4948a5aebd04a486,13785562148271653969,F,0.9920637889282591,0.03565858462857088,2.8232586011707537,11.141267460175378,6.637982910423973,6.7915214387959,6.637982910423973,6.7915214387959,59.03111473886009,190.21510696748564,879.9026830151414,0.0,0.0
43,0d83242ca36457c7,4582545520891971192,N,0.9919546427976359,0.030985582659538966,3.0460025488990157,14.929644335229705,3.7324110838074263,3.7324110838074263,4.7471898869912215,4.980029315252895,55.00563794416559,196.83770931303889,776.4607974370209,3.479380681900095,3.991947206299524
43,0d83242ca36457c7,4582545520891971192,S,0.9854062445037443,0.06056031742982785,3.182766865504833,14.247384199313007,8.426019616744494,8.64748266171292,6.283993555487677,6.435774569383108,61.66504994009301,357.05082197138984,1555.862310996853,5.8852042890625205,5.6105618862777575
43,0d83242ca36457c7,4582545520891971192,F,0.9920446201589252,0.0344715120804479,2.7994790506831517,11.209747591373311,6.321534183522321,6.453216938612442,6.321534183522321,6.453216938612442,60.26289613596951,194.63632319173777,867.0501388210394,0.0,0.0
44,a4fc26c8e01425fb,9850046477131511879,N,0.9882187559357877,0.032474981837372775,3.365097238746068,15.643439679701771,3.910859919925443,3.910859919925443,5.351907646739308,5.18421286518847,54.10570406548916,285.141450086133,803.1424218225274,3.9722524592997606,4.30873568944101
44,a4fc26c8e01425fb,9850046477131511879,S,0.9807168068567225,0.06344810022434762,3.4521134893423056,15.24636961683559,10.124604928575186,8.722899103862277,7.067515343055319,6.757853219514935,60.644119988627835,466.7111236467436,1608.2268409929502,6.103365717512859,5.820469084964299
44,a4fc26c8e01425fb,9850046477131511879,F,0.9910774431649052,0.03633401346854524,2.8946178185201257,12.06315304095799,7.813204959819862,6.667081145097461,7.813204959819862,6.667081145097461,59.16072969721917,215.95264307979912,904.509785570281,0.0,0.0
45,6e8d15f0b614b0c5,16007094931600741254,N,0.9911374032086249,0.029145069195264765,3.127494584755725,15.266907982402556,3.816726995600639,3.816726995600639,5.0457383564736675,4.982104621172019,53.19712081152211,212.1528419919377,714.0740579313818,3.8181084685027145,4.294754848553212
45,6e8d15f0b614b0c5,16007094931600741254,S,0.9891081752447328,0.05158294099346881,3.1107445716446853,14.583044089193228,8.97544348874017,8.390879400450405,6.505199924044266,6.492425624815426,59.898549135805894,260.728500991586,1290.7964224009452,5.789516349253829,5.567084857692991
45,6e8d15f0b614b0c5,16007094931600741254,F,0.9906366381276234,0.03819099261068106,2.940699657137859,12.475280338138527,6.817565621081528,6.717381914394483,6.817565621081528,6.717381914394483,58.52620628830953,224.14015650095016,942.9464889538118,0.0,0.0
46,ea37cea8525453e6,16040166067369569384,N,0.9869799556214257,0.036900976442478604,3.190741980907889,15.879595432463356,3.969898858115839,3.969898858115839,5.0486866136469875,5.206350448379278,53.718051443384844,309.64269541125645,898.1295269384561,4.0315004801231,3.258455651474616
46,ea37cea8525453e6,16040166067369569384,S,0.9768896491881217,0.07071530724630222,3.4871857951758862,16.025611898305147,8.001183814923872,9.64599514352951,6.86347070648594,7.044671790174592,60.602308881192094,549.61036300809,1763.8898309262327,5.28012815769986,5.915959354635538
46,ea37cea8525453e6,16040166067369569384,F,0.9891007439698356,0.04168336143719124,2.9882092037367354,12.236981109727306,6.209438953644414,7.601617197898119,6.209438953644414,7.601617197898119,58.36119355290329,259.20610690937167,1021.863831859723,0.0,0.0
47,8eb8f53b49b3d3e7,16542339274826354254,N,0.9894671939253615,0.03343340715210746,3.050608823674882,14.299149211599735,3.5747873028999337,3.5747873028999337,4.420245978782264,4.549162077421106,54.476354431216556,251.49181064414367,817.9900998687224,3.546300398053278,3.108540182013858
47,8eb8f53b49b3d3e7,16542339274826354254,S,0.9831554825123112,0.06332872869668676,3.2092046513495722,13.845843877304443,7.056988423536811,8.500724260600386,5.860840867558966,6.172907730705868,60.973415492619004,402.1965440535474,1588.1794459792613,5.186602840802545,5.484105836271883
47,8eb8f53b49b3d3e7,16542339274826354254,F,0.9905091135026681,0.036943431277814645,2.972765730453758,11.47605584438898,5.456404833897063,6.5948769908812634,5.456404833897063,6.5948769908812634,58.85916384471975,226.61389689679385,907.5921193099939,0.0,0.0
48,cf3fb765a545fb7c,6737943943382100808,N,0.9905691202389888,0.035111836738425856,3.1624747359430536,14.563695018185578,3.6409237545463946,3.6409237545463946,4.9378666679719325,4.817409910391224,54.57141421253151,228.1424122986243,871.6005677296386,3.3995005585988496,3.6240941472132624
48,cf3fb765a545fb7c,6737943943382100808,S,0.9830605664683725,0.06266678773596049,3.3705490422197952,14.422328801829805,9.225444900182,8.342647859427853,6.483330166311771,6.270933072216835,61.21637226399174,409.7818365636028,1589.7694924414072,5.636297101343425,5.48391379313158
48,cf3fb765a545fb7c,6737943943382100808,F,0.9902037013283315,0.03869890833121047,2.9843872200864463,12.58951394791615,7.281664830096457,6.557387532016177,7.281664830096457,6.557387532016177,58.998148777865474,236.98226116633444,964.8883761571398,0.0,0.0
49,385531f86e4df34d,15744598175717554616,N,0.9841083328096365,0.03690516288094401,3.5197988594340988,15.82844672434193,3.9571116810854825,3.9571116810854825,5.088880142902004,5.078489102543132,54.8261370028134,384.1810543270356,910.9067901304804,4.2151892271450295,3.9595924304322625
49,385531f86e4df34d,15744598175717554616,S,0.9768232508576696,0.06932290851450959,3.750124912405171,16.29041520136634,9.371459263503636,9.799220664226297,6.912673662220966,6.848722603883394,61.27271583054722,560.297910515837,1757.4339806811472,5.609820361696166,5.838502854452051
49,385531f86e4df34d,15744598175717554616,F,0.9860607894299629,0.04075762845960484,3.1512171366807933,14.31988629288722,7.368883011257003,8.136272662944576,7.368883011257003,8.136272662944576,59.42856453550115,336.98041553064706,1012.7167513569449,0.0,0.0
